{
	"model"           : "Xception",
	"weights"         : "imagenet",
	"include_top"     : false,

	"train_path"      : "dataset/train",
	"test_path"		  : "dataset/test",
	"features_path"   : "output/flowers_17/Xception/features.h5",
	"labels_path"     : "output/flowers_17/Xception/labels.h5",
	"results"         : "output/flowers_17/Xception/results.txt",
	"classifier_path" : "output/flowers_17/Xception/classifier.pickle",
	"model_path"	  : "output/flowers_17/Xception/model",

	"test_size"       : 0.10,
	"seed"            : 9,
	"num_classes"     : 17
}